{
    "Barrell": 0.14522949135303498,
    "J_Block": 0.2010284969061613,
    "wedge_short_stout": 0.1413997550904751,
    "cross_round_Top": 0.10866749560832978,
    "cone+Ball": 0.20625150664150715,
    "rectangular_solid": 0.3326877382993698,
    "L_Chamfered": 0.16871850652992726,
    "rounded_bobble": 0.14415118186175824,
    "cross": 0.12541499635577202,
    "foundation": 0.24411013251543046,
    "block": 0.21400834894180298,
    "wedge_long": 0.21152930049598218,
    "cylinder_long": 0.33271912014484406,
    "Bridge": 0.21442349901795388,
    "Nut": 0.1416134992092848,
    "cylinder_parallogram": 0.14168391278386117,
    "Pyramid_W_Eye": 0.10459200194478036,
    "Vase_W_Hole": 0.12070799893140793,
    "pentagram_stout": 0.18352834595739842,
    "cone": 0.17274723476171494,
    "Egg": 0.14380895993113518
}